iteration,chain,sigma,Kmat_pred_ksi,mu_pred
1,1,4.94851,129.781,135.185
2,1,5.09174,137.076,135.185
3,1,5.18319,126.452,135.185
4,1,5.50684,147.735,135.185
5,1,5.93776,134.788,135.185
6,1,7.1291,137.512,135.185
7,1,6.1852,140.968,135.185
8,1,4.91572,142.128,135.185
9,1,4.33674,147.456,135.185
10,1,5.01792,142.485,135.185
11,1,4.5227,141.5,135.185
12,1,4.99163,125.877,135.185
13,1,4.95309,127.204,135.185
14,1,4.66347,131.692,135.185
15,1,4.90787,133.824,135.185
16,1,4.86436,132.35,135.185
17,1,3.92372,137.251,135.185
18,1,4.8468,131.398,135.185
19,1,4.91433,140.447,135.185
20,1,5.2369,134.11,135.185
21,1,6.68403,132.107,135.185
22,1,6.38845,145.692,135.185
23,1,5.1966,140.978,135.185
24,1,5.32934,137.391,135.185
25,1,6.23302,142.119,135.185
26,1,6.27257,121.792,135.185
27,1,4.8733,135.645,135.185
28,1,5.22703,142.81,135.185
29,1,5.16569,134.949,135.185
30,1,5.16569,140.885,135.185
31,1,5.69514,137.342,135.185
32,1,6.23212,133.664,135.185
33,1,6.13509,133.474,135.185
34,1,6.64235,130.192,135.185
35,1,6.4397,130.217,135.185
36,1,6.14111,131.012,135.185
37,1,5.61676,140.792,135.185
38,1,6.69115,135.99,135.185
39,1,6.89276,140.977,135.185
40,1,5.92123,128.434,135.185
41,1,5.11725,132.108,135.185
42,1,4.96689,135.826,135.185
43,1,5.31616,136.047,135.185
44,1,5.46969,140.001,135.185
45,1,6.38753,135.079,135.185
46,1,6.58491,142.494,135.185
47,1,6.28826,130.969,135.185
48,1,5.31332,125.674,135.185
49,1,5.35737,135.612,135.185
50,1,5.85141,134.737,135.185
51,1,5.70907,136.944,135.185
52,1,5.43612,134.56,135.185
53,1,5.47474,139.31,135.185
54,1,6.54887,136.042,135.185
55,1,5.97528,138.047,135.185
56,1,5.97528,130.439,135.185
57,1,5.90302,137.329,135.185
58,1,5.69645,125.396,135.185
59,1,4.36341,137.635,135.185
60,1,4.77021,130.504,135.185
61,1,4.77021,137.628,135.185
62,1,4.60178,129.771,135.185
63,1,4.61447,133.436,135.185
64,1,5.43498,136.779,135.185
65,1,6.8004,145.959,135.185
66,1,6.43643,129.955,135.185
67,1,4.81255,130.899,135.185
68,1,4.10097,132.758,135.185
69,1,4.78723,124.163,135.185
70,1,6.16194,136.945,135.185
71,1,6.39921,131.971,135.185
72,1,6.54523,145.291,135.185
73,1,6.01761,129.763,135.185
74,1,5.62487,134.219,135.185
75,1,5.95265,138.462,135.185
76,1,5.52979,136.129,135.185
77,1,5.8823,128.553,135.185
78,1,5.43159,143.288,135.185
79,1,5.37281,132.677,135.185
80,1,5.96584,136.291,135.185
81,1,5.96625,130.582,135.185
82,1,5.65532,127.835,135.185
83,1,6.45481,135.918,135.185
84,1,6.40206,125.401,135.185
85,1,6.18751,131.737,135.185
86,1,6.17995,148.589,135.185
87,1,5.1221,135.114,135.185
88,1,4.51084,132.088,135.185
89,1,7.65359,135.4,135.185
90,1,7.60543,130.453,135.185
91,1,8.16089,137.404,135.185
92,1,7.52589,145.192,135.185
93,1,6.87029,138.741,135.185
94,1,5.27026,139.869,135.185
95,1,5.983,136.046,135.185
96,1,4.91852,129.249,135.185
97,1,6.28585,141.442,135.185
98,1,5.90684,141.118,135.185
99,1,6.32529,151.169,135.185
100,1,6.62419,131.664,135.185
101,1,7.09803,121.129,135.185
102,1,6.06277,131.218,135.185
103,1,5.5872,131.479,135.185
104,1,6.54853,135.422,135.185
105,1,6.79224,131.289,135.185
106,1,6.80036,136.096,135.185
107,1,5.59739,147.216,135.185
108,1,5.83524,138.716,135.185
109,1,5.83524,137.236,135.185
110,1,5.60087,141.042,135.185
111,1,6.11498,139.995,135.185
112,1,6.6228,146.964,135.185
113,1,6.47732,127.069,135.185
114,1,5.95704,119.61,135.185
115,1,6.71294,139.606,135.185
116,1,7.25287,125.445,135.185
117,1,6.3141,139.915,135.185
118,1,5.26023,144.536,135.185
119,1,5.04506,132.68,135.185
120,1,4.85008,131.938,135.185
121,1,6.20881,128.167,135.185
122,1,5.80734,140.225,135.185
123,1,5.28223,140.401,135.185
124,1,5.30216,132.196,135.185
125,1,7.01002,135.445,135.185
126,1,5.29032,141.315,135.185
127,1,5.28409,146.614,135.185
128,1,4.91605,137.099,135.185
129,1,5.16854,134.633,135.185
130,1,5.00203,146.212,135.185
131,1,5.33776,140.497,135.185
132,1,6.13273,139.585,135.185
133,1,5.99103,130.195,135.185
134,1,5.65179,147.015,135.185
135,1,5.89001,139.643,135.185
136,1,5.78527,126.021,135.185
137,1,5.78707,135.265,135.185
138,1,4.69464,132.145,135.185
139,1,4.69778,132.564,135.185
140,1,6.38311,131.233,135.185
141,1,5.02206,129.538,135.185
142,1,4.98519,136.843,135.185
143,1,6.85336,125.826,135.185
144,1,5.36265,127.225,135.185
145,1,5.28374,137.211,135.185
146,1,5.37974,136.294,135.185
147,1,5.14991,126.25,135.185
148,1,5.36411,138.183,135.185
149,1,5.05464,138.586,135.185
150,1,5.26543,137.014,135.185
151,1,5.40524,122.132,135.185
152,1,7.12837,126.633,135.185
153,1,5.26241,133.069,135.185
154,1,4.88241,137.601,135.185
155,1,6.86949,132.593,135.185
156,1,6.61263,131.004,135.185
157,1,5.61279,133.893,135.185
158,1,5.84867,134.875,135.185
159,1,6.40675,131.837,135.185
160,1,6.46566,132.472,135.185
161,1,6.19901,138.432,135.185
162,1,5.87832,139.346,135.185
163,1,5.96208,141.025,135.185
164,1,5.96208,136.462,135.185
165,1,5.48132,140.15,135.185
166,1,7.23809,135.809,135.185
167,1,6.10585,135.336,135.185
168,1,5.9781,131.297,135.185
169,1,5.35127,141.66,135.185
170,1,5.89053,136.772,135.185
171,1,5.87805,137.953,135.185
172,1,6.72766,138.569,135.185
173,1,5.89022,133.489,135.185
174,1,5.58711,126.115,135.185
175,1,4.78181,130.148,135.185
176,1,4.8657,141.749,135.185
177,1,4.69215,136.289,135.185
178,1,4.57348,123.369,135.185
179,1,4.88065,136.818,135.185
180,1,4.49552,132.408,135.185
181,1,4.86237,145.839,135.185
182,1,3.8307,138.25,135.185
183,1,4.62676,134.795,135.185
184,1,4.64688,127.657,135.185
185,1,5.64357,133.216,135.185
186,1,7.11978,121.284,135.185
187,1,5.92333,139.803,135.185
188,1,5.92333,144.596,135.185
189,1,5.70813,137.775,135.185
190,1,5.2108,127.709,135.185
191,1,5.36611,133.794,135.185
192,1,6.77392,123.614,135.185
193,1,7.06385,135.941,135.185
194,1,7.01243,137.156,135.185
195,1,5.76031,146.327,135.185
196,1,7.53569,143.576,135.185
197,1,5.07744,144.5,135.185
198,1,5.59714,134.537,135.185
199,1,6.96291,145.903,135.185
200,1,5.13386,146.466,135.185
201,1,5.13386,137.656,135.185
202,1,5.1411,133.347,135.185
203,1,5.39001,130.837,135.185
204,1,5.19101,139.662,135.185
205,1,6.50916,140.157,135.185
206,1,6.57291,129.507,135.185
207,1,6.66772,144.671,135.185
208,1,6.35993,134.795,135.185
209,1,6.53435,133.264,135.185
210,1,6.75659,135.878,135.185
211,1,6.67281,143.932,135.185
212,1,7.01702,128.357,135.185
213,1,5.8376,127.69,135.185
214,1,6.00345,146.959,135.185
215,1,4.82724,135.851,135.185
216,1,4.82724,125.371,135.185
217,1,4.35199,132.607,135.185
218,1,5.75456,133.501,135.185
219,1,6.09832,133.785,135.185
220,1,5.48532,127.708,135.185
221,1,5.11981,132.924,135.185
222,1,4.521,131.857,135.185
223,1,4.02989,143.4,135.185
224,1,4.63859,141.153,135.185
225,1,4.94374,126.893,135.185
226,1,5.04773,134.726,135.185
227,1,4.96706,132.565,135.185
228,1,5.20312,137.838,135.185
229,1,4.88614,136.212,135.185
230,1,6.15101,128.434,135.185
231,1,5.35993,131.154,135.185
232,1,5.88031,134.143,135.185
233,1,5.96577,127.672,135.185
234,1,5.96577,134.941,135.185
235,1,6.30459,127.334,135.185
236,1,6.47064,136.093,135.185
237,1,6.5887,131.437,135.185
238,1,6.77945,135.956,135.185
239,1,6.78431,140.036,135.185
240,1,4.48752,135.156,135.185
241,1,4.92971,136.284,135.185
242,1,4.31071,138.393,135.185
243,1,5.01667,133.317,135.185
244,1,5.11599,123.748,135.185
245,1,5.31778,136.659,135.185
246,1,5.21277,132.22,135.185
247,1,5.64334,135.069,135.185
248,1,6.49659,126.525,135.185
249,1,6.01426,133.102,135.185
250,1,5.11779,137.425,135.185
1,2,5.54083,129.975,135.185
2,2,5.66088,122.706,135.185
3,2,5.5501,144.229,135.185
4,2,6.69874,143.847,135.185
5,2,5.58263,133.769,135.185
6,2,5.65091,138.151,135.185
7,2,5.65091,134.924,135.185
8,2,6.58276,139.803,135.185
9,2,6.58276,128.452,135.185
10,2,7.11267,139.361,135.185
11,2,7.35944,134.807,135.185
12,2,6.33448,132.47,135.185
13,2,6.43981,142.822,135.185
14,2,7.71703,142.996,135.185
15,2,6.92033,132.304,135.185
16,2,5.14393,124.233,135.185
17,2,5.59087,131.382,135.185
18,2,6.84219,135.049,135.185
19,2,5.58215,135.242,135.185
20,2,4.87983,141.646,135.185
21,2,5.17185,138.073,135.185
22,2,5.17185,135.217,135.185
23,2,6.05122,139.112,135.185
24,2,6.19033,130.245,135.185
25,2,6.19033,135.593,135.185
26,2,4.698,143.203,135.185
27,2,5.02483,137.125,135.185
28,2,5.03994,141.973,135.185
29,2,5.39344,146.038,135.185
30,2,5.0639,137.608,135.185
31,2,3.91118,134.151,135.185
32,2,5.82841,136.088,135.185
33,2,5.20365,136.089,135.185
34,2,5.9927,134.992,135.185
35,2,5.9278,144.067,135.185
36,2,5.98019,133.673,135.185
37,2,5.22323,131.246,135.185
38,2,5.20044,136.063,135.185
39,2,5.22011,132.079,135.185
40,2,6.07967,132.398,135.185
41,2,6.39862,144.014,135.185
42,2,6.33334,126.076,135.185
43,2,6.51625,133.396,135.185
44,2,6.91109,136.87,135.185
45,2,6.65369,125.982,135.185
46,2,6.49418,130.079,135.185
47,2,5.33215,141.73,135.185
48,2,5.79557,128.516,135.185
49,2,5.3589,121.698,135.185
50,2,5.12107,134.126,135.185
51,2,7.05835,142.908,135.185
52,2,7.26443,118.901,135.185
53,2,7.46206,130.672,135.185
54,2,5.51077,126.018,135.185
55,2,5.37747,129.657,135.185
56,2,5.37747,140.014,135.185
57,2,5.14253,135.751,135.185
58,2,5.14253,137.559,135.185
59,2,5.25334,137.757,135.185
60,2,5.52603,134.456,135.185
61,2,4.27636,135.585,135.185
62,2,5.61423,131.566,135.185
63,2,5.56825,130.805,135.185
64,2,5.63524,139.546,135.185
65,2,5.63524,143.051,135.185
66,2,5.4207,126.827,135.185
67,2,5.67058,143.258,135.185
68,2,6.22054,137.98,135.185
69,2,7.20746,141.548,135.185
70,2,5.72949,134.329,135.185
71,2,6.54681,136.069,135.185
72,2,6.77267,142.096,135.185
73,2,4.23961,137.552,135.185
74,2,4.63689,134.38,135.185
75,2,5.53215,130.821,135.185
76,2,5.1732,125.471,135.185
77,2,5.99691,134.476,135.185
78,2,5.99691,137.032,135.185
79,2,5.92656,128.322,135.185
80,2,5.42981,134.921,135.185
81,2,4.246,133.01,135.185
82,2,5.71533,135.555,135.185
83,2,6.4155,137.536,135.185
84,2,4.81511,126.512,135.185
85,2,5.40264,134.698,135.185
86,2,4.71631,134.006,135.185
87,2,5.21552,144.822,135.185
88,2,5.97399,134.877,135.185
89,2,5.28361,128.653,135.185
90,2,5.54083,126.555,135.185
91,2,4.80937,138.285,135.185
92,2,6.52482,128.277,135.185
93,2,5.64179,141.474,135.185
94,2,5.64179,146.622,135.185
95,2,5.68469,130.737,135.185
96,2,5.68469,142.102,135.185
97,2,6.07034,132.744,135.185
98,2,5.79532,135.55,135.185
99,2,6.95322,133.634,135.185
100,2,7.05546,127.091,135.185
101,2,6.3705,142.827,135.185
102,2,8.63733,128.9,135.185
103,2,7.14447,129.145,135.185
104,2,6.68186,130.268,135.185
105,2,6.18303,128.02,135.185
106,2,6.18303,138.161,135.185
107,2,6.05309,139.413,135.185
108,2,6.43389,124.992,135.185
109,2,7.31056,143.788,135.185
110,2,7.15634,131.303,135.185
111,2,7.98264,136.523,135.185
112,2,6.281,129.883,135.185
113,2,6.39816,148.255,135.185
114,2,5.92789,130.24,135.185
115,2,6.52025,140.799,135.185
116,2,7.18923,133.494,135.185
117,2,8.0057,147.442,135.185
118,2,6.76966,128.224,135.185
119,2,5.66658,129.316,135.185
120,2,5.52078,126.303,135.185
121,2,4.43145,133.444,135.185
122,2,4.86631,133.954,135.185
123,2,6.10892,143.39,135.185
124,2,5.64987,131.05,135.185
125,2,6.97106,139.258,135.185
126,2,5.95756,128.811,135.185
127,2,5.84762,127.928,135.185
128,2,6.43105,134.754,135.185
129,2,6.69892,132.642,135.185
130,2,6.45108,135.511,135.185
131,2,5.83485,126.417,135.185
132,2,6.21569,131.154,135.185
133,2,4.57921,140.008,135.185
134,2,5.49637,129.979,135.185
135,2,5.73534,129.778,135.185
136,2,5.69762,141.943,135.185
137,2,5.7458,138.329,135.185
138,2,6.30483,135.436,135.185
139,2,5.96529,140.165,135.185
140,2,6.04658,129.357,135.185
141,2,6.62021,145.415,135.185
142,2,5.73124,144.554,135.185
143,2,5.38426,144.917,135.185
144,2,4.83251,140.166,135.185
145,2,4.83251,128.515,135.185
146,2,5.51765,140.087,135.185
147,2,5.70582,131.703,135.185
148,2,5.70582,139.971,135.185
149,2,7.32154,144.176,135.185
150,2,6.10791,132.037,135.185
151,2,5.75331,135.162,135.185
152,2,5.47436,139.554,135.185
153,2,5.64344,142.686,135.185
154,2,6.17045,141.844,135.185
155,2,5.47047,130.372,135.185
156,2,5.66012,142.975,135.185
157,2,5.49883,133.799,135.185
158,2,4.49872,132.318,135.185
159,2,5.09611,134.062,135.185
160,2,4.88034,126.889,135.185
161,2,3.9609,132.646,135.185
162,2,6.30972,144.643,135.185
163,2,6.04329,134.837,135.185
164,2,6.92214,131.152,135.185
165,2,5.4188,139.741,135.185
166,2,5.4188,139.671,135.185
167,2,5.12652,130.979,135.185
168,2,5.40595,138.522,135.185
169,2,5.17894,136.935,135.185
170,2,6.03335,133.836,135.185
171,2,4.69928,130.998,135.185
172,2,6.54065,138.059,135.185
173,2,6.10498,126.688,135.185
174,2,5.17111,142.36,135.185
175,2,5.17111,140.689,135.185
176,2,5.11523,136.333,135.185
177,2,5.33161,129.996,135.185
178,2,5.33161,142.764,135.185
179,2,4.69548,136.82,135.185
180,2,4.58092,133.341,135.185
181,2,6.85067,123.636,135.185
182,2,5.30939,133.511,135.185
183,2,6.11588,128.505,135.185
184,2,5.03949,141.985,135.185
185,2,5.28854,135.874,135.185
186,2,5.8867,131.304,135.185
187,2,5.8867,138.092,135.185
188,2,6.62707,129.607,135.185
189,2,5.24925,148.376,135.185
190,2,4.92614,133.228,135.185
191,2,6.2369,139.554,135.185
192,2,5.90881,127.583,135.185
193,2,6.06462,130.063,135.185
194,2,6.06462,143.305,135.185
195,2,6.53191,144.453,135.185
196,2,5.9818,125.385,135.185
197,2,7.06464,136.492,135.185
198,2,7.13666,122.498,135.185
199,2,7.4933,137.352,135.185
200,2,4.90963,134.65,135.185
201,2,5.97753,136.506,135.185
202,2,5.91383,139.496,135.185
203,2,6.12034,126.313,135.185
204,2,6.07053,132.394,135.185
205,2,5.10068,137.914,135.185
206,2,4.61919,126.593,135.185
207,2,4.88504,134.088,135.185
208,2,7.08917,140.369,135.185
209,2,6.92336,131.206,135.185
210,2,7.47272,124.83,135.185
211,2,5.74615,136.163,135.185
212,2,6.27472,131.002,135.185
213,2,6.11677,138.869,135.185
214,2,6.11677,146.425,135.185
215,2,6.93087,133.69,135.185
216,2,7.32634,128.598,135.185
217,2,7.39399,133.879,135.185
218,2,6.73738,137.475,135.185
219,2,6.05709,132.224,135.185
220,2,5.11479,141.681,135.185
221,2,5.38201,124.751,135.185
222,2,5.8542,125.232,135.185
223,2,5.85136,133.15,135.185
224,2,5.90696,126.755,135.185
225,2,6.97441,124.7,135.185
226,2,6.97441,140.387,135.185
227,2,6.28149,144.467,135.185
228,2,6.76045,135.307,135.185
229,2,6.06005,131.909,135.185
230,2,5.13837,136.658,135.185
231,2,4.62212,129.905,135.185
232,2,6.66423,137.545,135.185
233,2,5.77798,127.213,135.185
234,2,5.80893,140.282,135.185
235,2,5.29665,129.101,135.185
236,2,4.64738,126.023,135.185
237,2,5.73376,138.414,135.185
238,2,5.40574,135.857,135.185
239,2,5.48645,134.775,135.185
240,2,5.64031,133.103,135.185
241,2,5.64031,138.084,135.185
242,2,6.30095,140.32,135.185
243,2,6.32258,144.544,135.185
244,2,6.51106,129.56,135.185
245,2,6.42943,145.463,135.185
246,2,6.91265,147.972,135.185
247,2,4.29859,131.791,135.185
248,2,5.65472,137.975,135.185
249,2,4.53076,135.763,135.185
250,2,5.97285,138.322,135.185
1,3,5.6937,124.472,135.185
2,3,5.40599,135.546,135.185
3,3,5.44662,132.408,135.185
4,3,5.75974,136.542,135.185
5,3,6.70823,134.833,135.185
6,3,5.74072,134.888,135.185
7,3,6.43032,137.551,135.185
8,3,4.94213,137.662,135.185
9,3,5.69659,141.701,135.185
10,3,6.14467,137.127,135.185
11,3,6.90489,146.493,135.185
12,3,5.39055,133.65,135.185
13,3,5.39146,127.337,135.185
14,3,6.59539,136.911,135.185
15,3,6.27797,125.497,135.185
16,3,5.4914,147.295,135.185
17,3,8.14832,133.839,135.185
18,3,8.14832,137.389,135.185
19,3,5.77267,129.562,135.185
20,3,5.70391,124.506,135.185
21,3,5.70391,132.838,135.185
22,3,6.44473,131.766,135.185
23,3,5.45414,137.818,135.185
24,3,5.41391,137.29,135.185
25,3,6.85119,132.823,135.185
26,3,5.3646,145.573,135.185
27,3,6.40894,137.128,135.185
28,3,5.4688,125.347,135.185
29,3,5.35886,133.459,135.185
30,3,6.73197,133.483,135.185
31,3,7.09478,135.471,135.185
32,3,6.25118,133.893,135.185
33,3,6.41424,134.71,135.185
34,3,5.32087,132.702,135.185
35,3,4.99161,126.901,135.185
36,3,4.99161,138.005,135.185
37,3,5.04826,132.941,135.185
38,3,5.73221,135.643,135.185
39,3,7.53949,137.98,135.185
40,3,6.0631,132.052,135.185
41,3,5.96297,142.15,135.185
42,3,7.51856,136.457,135.185
43,3,7.93573,142.258,135.185
44,3,8.13868,142.074,135.185
45,3,5.30207,130.298,135.185
46,3,6.09257,138.371,135.185
47,3,4.93497,140.39,135.185
48,3,5.21268,141.792,135.185
49,3,5.6802,138.376,135.185
50,3,5.54611,130.777,135.185
51,3,6.11946,135.705,135.185
52,3,5.59389,133.788,135.185
53,3,6.81091,132.58,135.185
54,3,5.60116,130.973,135.185
55,3,6.06507,135.422,135.185
56,3,5.03054,138.289,135.185
57,3,5.17098,132.457,135.185
58,3,6.12932,134.274,135.185
59,3,5.24976,126.737,135.185
60,3,6.2233,131.008,135.185
61,3,6.05256,122.998,135.185
62,3,5.4389,138.531,135.185
63,3,6.41446,122.433,135.185
64,3,6.14167,127.139,135.185
65,3,6.20373,130.598,135.185
66,3,4.76929,138.512,135.185
67,3,3.91379,134.894,135.185
68,3,4.41604,136.074,135.185
69,3,4.82453,131.525,135.185
70,3,5.85789,132.269,135.185
71,3,7.92036,133.089,135.185
72,3,5.89557,138.623,135.185
73,3,5.04455,144.97,135.185
74,3,6.80091,139.347,135.185
75,3,7.34105,135.828,135.185
76,3,7.01506,134.304,135.185
77,3,6.03695,140.218,135.185
78,3,5.68467,135.474,135.185
79,3,5.68744,126.757,135.185
80,3,6.25976,128.844,135.185
81,3,5.10302,140.307,135.185
82,3,4.99105,132.677,135.185
83,3,6.24227,140.302,135.185
84,3,6.37158,137.378,135.185
85,3,5.83109,132.733,135.185
86,3,5.08228,131.371,135.185
87,3,4.87399,139.257,135.185
88,3,5.25123,137.869,135.185
89,3,5.87494,125.931,135.185
90,3,5.92352,136.227,135.185
91,3,6.38815,131.279,135.185
92,3,5.69729,130.166,135.185
93,3,6.39066,144.019,135.185
94,3,6.17531,134.93,135.185
95,3,6.05331,132.946,135.185
96,3,6.21235,129.597,135.185
97,3,5.65201,134.793,135.185
98,3,5.88153,144.793,135.185
99,3,6.54141,127.693,135.185
100,3,6.57562,130.249,135.185
101,3,6.71778,140.339,135.185
102,3,5.60719,141.036,135.185
103,3,6.55281,131.551,135.185
104,3,6.49249,136.632,135.185
105,3,5.46973,132.399,135.185
106,3,6.03392,132.841,135.185
107,3,5.71157,132.26,135.185
108,3,6.48226,130.706,135.185
109,3,6.94786,152.969,135.185
110,3,5.49943,131.667,135.185
111,3,8.08664,120.754,135.185
112,3,8.24146,131.278,135.185
113,3,5.41545,134.909,135.185
114,3,5.1449,144.268,135.185
115,3,5.35981,141.17,135.185
116,3,5.28047,134.352,135.185
117,3,5.98281,121.733,135.185
118,3,5.69453,143.432,135.185
119,3,6.32474,124.167,135.185
120,3,5.44375,134.879,135.185
121,3,5.49707,130.96,135.185
122,3,6.61563,136.719,135.185
123,3,5.27907,139.144,135.185
124,3,6.40833,145.158,135.185
125,3,6.72103,133.43,135.185
126,3,6.77066,127.05,135.185
127,3,5.9813,143.755,135.185
128,3,6.07081,124.67,135.185
129,3,5.09023,134.119,135.185
130,3,5.67167,155.008,135.185
131,3,4.93403,136.125,135.185
132,3,5.29912,124.57,135.185
133,3,7.56698,145.801,135.185
134,3,7.34252,146.093,135.185
135,3,6.92437,131.611,135.185
136,3,7.09804,118.913,135.185
137,3,6.30535,139.103,135.185
138,3,5.30873,130.621,135.185
139,3,5.23993,134.155,135.185
140,3,5.04362,132.665,135.185
141,3,6.73261,136.824,135.185
142,3,5.15672,128.545,135.185
143,3,5.04939,133.858,135.185
144,3,4.89518,130.405,135.185
145,3,5.22447,137.84,135.185
146,3,6.44131,128.092,135.185
147,3,5.55989,121.297,135.185
148,3,5.46897,148.411,135.185
149,3,5.2379,134.916,135.185
150,3,5.37871,135.757,135.185
151,3,5.26387,144.14,135.185
152,3,5.38641,133.41,135.185
153,3,6.10681,140.351,135.185
154,3,6.72862,137.799,135.185
155,3,5.8645,131.745,135.185
156,3,5.83943,127.691,135.185
157,3,4.80734,136.124,135.185
158,3,4.91431,139.043,135.185
159,3,4.40097,128.117,135.185
160,3,4.84021,141.117,135.185
161,3,6.0027,141.98,135.185
162,3,6.19453,143.485,135.185
163,3,6.2284,138.788,135.185
164,3,5.46556,141.022,135.185
165,3,5.5188,145.335,135.185
166,3,4.31769,137.764,135.185
167,3,4.88347,137.29,135.185
168,3,5.9693,127.341,135.185
169,3,6.04935,135.308,135.185
170,3,5.16467,133.241,135.185
171,3,5.31634,133.81,135.185
172,3,5.18733,136.207,135.185
173,3,5.80649,128.054,135.185
174,3,5.80974,134.778,135.185
175,3,5.9181,130.38,135.185
176,3,5.81524,116.044,135.185
177,3,5.64478,136.897,135.185
178,3,5.30399,135.644,135.185
179,3,5.33973,138.712,135.185
180,3,5.33973,137.081,135.185
181,3,6.34688,138.511,135.185
182,3,6.1982,140.445,135.185
183,3,8.06683,117.887,135.185
184,3,6.16408,134.059,135.185
185,3,5.35259,142.691,135.185
186,3,5.49899,132.792,135.185
187,3,6.3343,131.9,135.185
188,3,5.45686,139.85,135.185
189,3,5.36076,137.266,135.185
190,3,5.32661,135.059,135.185
191,3,5.52925,138.301,135.185
192,3,6.05667,133.637,135.185
193,3,6.0166,136.251,135.185
194,3,5.35497,131.194,135.185
195,3,5.53313,141.823,135.185
196,3,6.05213,137.108,135.185
197,3,6.05176,139.525,135.185
198,3,7.99984,130.743,135.185
199,3,7.48584,143.169,135.185
200,3,5.75491,137.855,135.185
201,3,5.50583,136.244,135.185
202,3,5.86528,125.519,135.185
203,3,5.81748,123.454,135.185
204,3,6.25719,142.187,135.185
205,3,7.16909,137.681,135.185
206,3,7.237,128.144,135.185
207,3,6.83714,132.954,135.185
208,3,6.74279,138.135,135.185
209,3,4.55116,135.226,135.185
210,3,6.5791,144.407,135.185
211,3,6.80905,125.567,135.185
212,3,4.75373,141.687,135.185
213,3,5.08774,136.574,135.185
214,3,5.11532,130.797,135.185
215,3,4.80104,140.492,135.185
216,3,5.24075,132.8,135.185
217,3,5.54164,130.79,135.185
218,3,5.71335,130.885,135.185
219,3,5.87131,145.394,135.185
220,3,6.10033,150.28,135.185
221,3,6.14403,141.168,135.185
222,3,5.3979,142.127,135.185
223,3,5.26164,137.295,135.185
224,3,6.57481,138.754,135.185
225,3,6.24584,137.515,135.185
226,3,5.75739,132.034,135.185
227,3,6.05429,139.008,135.185
228,3,5.41777,137.081,135.185
229,3,5.49175,131.2,135.185
230,3,4.48292,139.501,135.185
231,3,4.4602,139.937,135.185
232,3,6.3027,136.742,135.185
233,3,6.4023,131.024,135.185
234,3,4.26768,127.87,135.185
235,3,5.97475,128.576,135.185
236,3,5.49366,137.58,135.185
237,3,5.5268,135.436,135.185
238,3,5.971,146.507,135.185
239,3,5.64394,139.58,135.185
240,3,5.6038,137.083,135.185
241,3,5.85892,140.731,135.185
242,3,6.16606,134.86,135.185
243,3,6.21814,127.974,135.185
244,3,6.47169,140.418,135.185
245,3,6.45786,141.804,135.185
246,3,6.76655,135.3,135.185
247,3,7.02074,137.305,135.185
248,3,6.03571,140.237,135.185
249,3,5.22021,134.591,135.185
250,3,5.22021,126.561,135.185
1,4,6.05328,135.638,135.185
2,4,5.35398,122.749,135.185
3,4,5.42786,135.081,135.185
4,4,6.44938,120.152,135.185
5,4,5.35405,132.289,135.185
6,4,5.73485,127.142,135.185
7,4,5.76454,142.751,135.185
8,4,4.32541,136.53,135.185
9,4,4.74178,136.363,135.185
10,4,5.89251,132.749,135.185
11,4,5.19566,135.296,135.185
12,4,6.7483,148.045,135.185
13,4,6.54311,130.585,135.185
14,4,6.39572,131.428,135.185
15,4,4.8605,138.553,135.185
16,4,4.9877,134.92,135.185
17,4,4.74416,138.141,135.185
18,4,4.24651,136.699,135.185
19,4,4.51131,130.636,135.185
20,4,7.2122,141.056,135.185
21,4,7.23577,133.586,135.185
22,4,7.71438,132.629,135.185
23,4,6.52579,136.767,135.185
24,4,5.30544,135.487,135.185
25,4,6.1595,126.214,135.185
26,4,6.33271,144.086,135.185
27,4,6.53534,135.154,135.185
28,4,7.1018,131.215,135.185
29,4,7.49132,132.799,135.185
30,4,7.14464,131.352,135.185
31,4,7.10683,127.597,135.185
32,4,6.98155,143.936,135.185
33,4,6.71016,136.491,135.185
34,4,6.7116,132.699,135.185
35,4,5.84603,135.191,135.185
36,4,6.39129,115.003,135.185
37,4,5.832,133.78,135.185
38,4,6.55348,136.878,135.185
39,4,6.64376,125.369,135.185
40,4,6.96613,146.656,135.185
41,4,5.59689,146.023,135.185
42,4,5.74279,128.833,135.185
43,4,5.97324,135.105,135.185
44,4,5.50467,124.752,135.185
45,4,6.05613,140.712,135.185
46,4,5.26192,133.241,135.185
47,4,5.01243,132.583,135.185
48,4,4.84191,133.52,135.185
49,4,4.96403,139.398,135.185
50,4,5.01256,130.681,135.185
51,4,4.79751,128.703,135.185
52,4,6.10347,126.266,135.185
53,4,5.30107,131.164,135.185
54,4,5.11244,137.35,135.185
55,4,4.95798,132.409,135.185
56,4,4.98477,133.908,135.185
57,4,6.06006,122.325,135.185
58,4,5.73142,133.933,135.185
59,4,4.99301,129.522,135.185
60,4,4.87258,138.813,135.185
61,4,4.95822,140.712,135.185
62,4,4.97646,138.025,135.185
63,4,5.1691,121.717,135.185
64,4,5.22161,130.947,135.185
65,4,6.41985,134.22,135.185
66,4,5.18838,130.315,135.185
67,4,4.80027,141.175,135.185
68,4,5.032,130.902,135.185
69,4,4.80735,142.249,135.185
70,4,4.70763,136.216,135.185
71,4,4.87674,132.403,135.185
72,4,5.06313,138.766,135.185
73,4,6.38978,131.326,135.185
74,4,5.51095,131.402,135.185
75,4,6.26828,147.765,135.185
76,4,8.00511,128.557,135.185
77,4,4.69723,143.862,135.185
78,4,7.24183,135.994,135.185
79,4,6.09805,127.104,135.185
80,4,6.46023,134.751,135.185
81,4,6.01838,137.551,135.185
82,4,5.30514,141.959,135.185
83,4,5.69705,143.015,135.185
84,4,5.84506,128.897,135.185
85,4,5.77272,125.414,135.185
86,4,5.24877,127.213,135.185
87,4,5.93444,134.55,135.185
88,4,5.03899,127.681,135.185
89,4,5.15442,133.866,135.185
90,4,6.55471,134.885,135.185
91,4,6.66579,140.438,135.185
92,4,5.0335,134.774,135.185
93,4,5.24025,123.339,135.185
94,4,4.33942,138.589,135.185
95,4,4.34415,129.022,135.185
96,4,4.47402,128.061,135.185
97,4,4.72565,138.767,135.185
98,4,4.58959,138.382,135.185
99,4,4.5164,133.68,135.185
100,4,7.34131,141.713,135.185
101,4,7.70824,121.098,135.185
102,4,7.69716,133.822,135.185
103,4,6.49872,136.03,135.185
104,4,6.475,123.658,135.185
105,4,6.59262,133.745,135.185
106,4,6.5971,126.7,135.185
107,4,5.52734,129.11,135.185
108,4,6.03882,134.002,135.185
109,4,5.57443,140.276,135.185
110,4,7.4368,137.519,135.185
111,4,7.63536,137.398,135.185
112,4,7.54429,145.389,135.185
113,4,7.92648,130.581,135.185
114,4,8.31999,142.943,135.185
115,4,7.73743,132.836,135.185
116,4,7.74354,142.262,135.185
117,4,8.20583,140.021,135.185
118,4,6.63246,135.93,135.185
119,4,4.60416,132.877,135.185
120,4,4.60739,141.013,135.185
121,4,5.9401,131.052,135.185
122,4,5.37945,145.246,135.185
123,4,5.26685,132.73,135.185
124,4,5.16402,134.529,135.185
125,4,5.16458,132.728,135.185
126,4,5.48391,123.645,135.185
127,4,5.83591,137.99,135.185
128,4,5.98394,141.6,135.185
129,4,6.00364,136.594,135.185
130,4,5.49816,133.595,135.185
131,4,6.14553,146.502,135.185
132,4,6.17186,141.757,135.185
133,4,5.40349,143.842,135.185
134,4,5.44764,132.211,135.185
135,4,6.30066,137.672,135.185
136,4,5.1997,135.929,135.185
137,4,5.21726,137.319,135.185
138,4,4.95147,126.548,135.185
139,4,5.10974,128.56,135.185
140,4,5.10855,145.491,135.185
141,4,4.91161,132.533,135.185
142,4,6.07528,137.972,135.185
143,4,6.15866,127.643,135.185
144,4,7.24179,140.422,135.185
145,4,7.47289,132.457,135.185
146,4,7.6957,134.05,135.185
147,4,7.78805,142.516,135.185
148,4,4.68286,132.306,135.185
149,4,4.86693,137.012,135.185
150,4,5.02238,131.98,135.185
151,4,6.26929,132.474,135.185
152,4,6.15134,123.331,135.185
153,4,5.35749,130.728,135.185
154,4,5.29964,139.994,135.185
155,4,6.32988,132.214,135.185
156,4,6.27601,123.148,135.185
157,4,5.71122,142.087,135.185
158,4,6.24737,118.0,135.185
159,4,6.44086,132.846,135.185
160,4,6.25505,141.578,135.185
161,4,5.74778,140.653,135.185
162,4,5.97567,127.896,135.185
163,4,5.9579,135.534,135.185
164,4,5.42365,136.417,135.185
165,4,5.41916,134.396,135.185
166,4,5.46913,137.001,135.185
167,4,5.93012,129.775,135.185
168,4,5.29429,138.07,135.185
169,4,5.72352,134.183,135.185
170,4,5.93277,140.876,135.185
171,4,5.40058,138.274,135.185
172,4,6.1753,134.592,135.185
173,4,5.70681,134.906,135.185
174,4,5.54882,125.886,135.185
175,4,5.53131,131.81,135.185
176,4,6.37105,136.811,135.185
177,4,6.49148,137.994,135.185
178,4,5.80326,130.254,135.185
179,4,6.35176,137.003,135.185
180,4,6.39588,126.821,135.185
181,4,5.14868,131.956,135.185
182,4,5.94443,144.646,135.185
183,4,6.54725,138.191,135.185
184,4,5.42855,152.719,135.185
185,4,5.96667,139.103,135.185
186,4,5.22999,151.009,135.185
187,4,5.04804,132.106,135.185
188,4,4.8207,130.559,135.185
189,4,5.97338,135.819,135.185
190,4,5.82152,135.514,135.185
191,4,5.44535,134.9,135.185
192,4,5.52331,127.588,135.185
193,4,5.18029,128.662,135.185
194,4,5.36428,136.825,135.185
195,4,5.59097,139.439,135.185
196,4,5.96792,133.959,135.185
197,4,5.05013,130.195,135.185
198,4,4.86141,131.114,135.185
199,4,5.17062,132.182,135.185
200,4,5.862,153.197,135.185
201,4,5.88766,134.066,135.185
202,4,5.2187,136.694,135.185
203,4,5.1974,131.737,135.185
204,4,5.20275,136.875,135.185
205,4,6.01138,140.004,135.185
206,4,5.75719,130.664,135.185
207,4,5.24425,141.952,135.185
208,4,5.02978,139.72,135.185
209,4,5.97854,131.967,135.185
210,4,5.26975,132.985,135.185
211,4,6.04882,134.494,135.185
212,4,5.66209,137.966,135.185
213,4,6.19157,137.783,135.185
214,4,5.74732,126.701,135.185
215,4,5.74732,135.283,135.185
216,4,6.12596,132.265,135.185
217,4,6.25944,130.991,135.185
218,4,5.31946,132.028,135.185
219,4,5.31946,131.151,135.185
220,4,5.12417,127.293,135.185
221,4,4.78834,139.322,135.185
222,4,4.69407,129.027,135.185
223,4,4.7871,132.627,135.185
224,4,5.07988,127.268,135.185
225,4,5.26703,128.468,135.185
226,4,6.20812,138.365,135.185
227,4,5.00612,134.73,135.185
228,4,4.8767,136.839,135.185
229,4,6.74628,140.946,135.185
230,4,7.10717,138.228,135.185
231,4,6.01066,127.468,135.185
232,4,5.73455,138.244,135.185
233,4,6.74425,136.176,135.185
234,4,6.72032,135.174,135.185
235,4,4.93117,136.343,135.185
236,4,6.06005,138.188,135.185
237,4,5.44918,142.448,135.185
238,4,6.37189,130.867,135.185
239,4,5.20098,131.126,135.185
240,4,5.23435,132.524,135.185
241,4,5.25433,130.407,135.185
242,4,5.22782,133.78,135.185
243,4,7.87263,139.929,135.185
244,4,6.16089,130.988,135.185
245,4,5.64193,134.37,135.185
246,4,6.3432,153.967,135.185
247,4,6.37895,137.412,135.185
248,4,6.17119,138.714,135.185
249,4,6.25903,139.95,135.185
250,4,6.43581,132.689,135.185
